<?xml version="1.0" encoding="utf-8"?>
<extension version="1.7" type="plugin" group="content">

    <name>PLG_CONTENT_VERSIONS_LABEL</name>
    <author>Ronald J. de Vries</author>
    <creationDate>August 2011</creationDate>
    <license>GNU General Public License version 2 or later; see	LICENSE.txt</license>
    <authorEmail>post@rjdevries.eu</authorEmail>
    <authorUrl>http://www.rjdev.nl</authorUrl>
    <version>1.1</version>
    <description>PLG_CONTENT_VERSIONS_DESC</description>

    <files>
		<folder>sql</folder>
		<filename plugin="versions">versions.php</filename>
    </files>

    <languages folder="languages">
        <language tag="nl-NL">nl-NL.plg_content_versions.ini</language>
        <language tag="nl-NL">nl-NL.plg_content_versions.sys.ini</language>
	<language tag="en-GB">en-GB.plg_content_versions.ini</language>
        <language tag="en-GB">en-GB.plg_content_versions.sys.ini</language>
    </languages>

    <install>
        <sql><file charset="utf8" driver="mysql">sql/install.sql</file></sql>
    </install>

    <uninstall>
        <sql><file charset="utf8" driver="mysql">sql/uninstall.sql</file></sql>
    </uninstall>

    <update>
	<schemas>
            <schemapath type="mysql">sql/updates/mysql</schemapath>
	</schemas>
    </update>


    <config>
        <fields name="params">
            <fieldset name="basic" label="PLG_CONTENT_VERSIONS_BASIC_SETTINGS">

                <field name="version_limit"
                type="text"
                default="10"
                label="PLG_CONTENT_VERSIONS_VERSIONS_LIMIT_LABEL"
                description="PLG_CONTENT_VERSIONS_VERSIONS_LIMIT_DESC" />

            </fieldset>
        </fields>
    </config>

</extension>
